model,epoch,train_loss,val_loss,lr,is_best
mlp,1,0.003984043380808684,7.88585950853303e-05,0.001,0
mlp,2,6.36304259476518e-05,6.107750925933942e-05,0.001,0
mlp,3,5.4488058757934984e-05,4.449411626167906e-05,0.001,0
mlp,4,5.077202516558048e-05,4.475704916752875e-05,0.001,0
mlp,5,5.206541853208494e-05,4.619984834687784e-05,0.001,0
mlp,6,4.9085003107486824e-05,3.6937734067517643e-05,0.001,0
mlp,7,4.061762419745459e-05,5.312671409648222e-05,0.001,0
mlp,8,4.723449781038133e-05,0.00011355781049312403,0.001,0
mlp,9,3.989703146092194e-05,4.290687330028353e-05,0.001,0
mlp,10,4.4655775265834696e-05,5.5734583599260076e-05,0.001,0
mlp,11,4.208312509564816e-05,3.672471950179897e-05,0.001,0
mlp,12,4.028610501787625e-05,5.182454444662047e-05,0.001,0
mlp,13,4.1791014988973204e-05,4.379677919360499e-05,0.001,0
mlp,14,4.027845768474175e-05,3.309418676731487e-05,0.001,0
mlp,15,3.638918629398436e-05,3.276191765791737e-05,0.001,0
mlp,16,3.6075802240853334e-05,3.8304982855527974e-05,0.001,0
mlp,17,3.7137872822682504e-05,2.9499406098620965e-05,0.001,0
mlp,18,3.600122572139039e-05,3.44153385310589e-05,0.001,0
mlp,19,3.5588412194961817e-05,2.8452410210932915e-05,0.001,0
mlp,20,3.468590413702519e-05,2.760557127650827e-05,0.001,0
mlp,21,3.3325429375150374e-05,2.6839382274386782e-05,0.001,0
mlp,22,3.3770300618821886e-05,2.8386589775715643e-05,0.001,0
mlp,23,3.662838941007586e-05,2.6450060638793123e-05,0.001,0
mlp,24,3.0479014973222678e-05,2.8946457562657695e-05,0.001,0
mlp,25,3.0675538547969024e-05,2.599268691497855e-05,0.001,0
mlp,26,3.0469964546417552e-05,2.7462876830250025e-05,0.001,0
mlp,27,3.315532827650064e-05,2.5469608901184983e-05,0.001,0
mlp,28,2.908584527313776e-05,2.584810007266545e-05,0.001,0
mlp,29,3.0796433418373844e-05,2.7104953918217993e-05,0.001,0
mlp,30,2.967365044235651e-05,2.6034986406836347e-05,0.001,0
mlp,31,2.9739600370687966e-05,3.144415126259749e-05,0.001,0
mlp,32,2.863297268540399e-05,2.4190837225178258e-05,0.001,0
mlp,33,3.127985088828219e-05,2.5290785351923356e-05,0.001,0
mlp,34,2.7759719886567576e-05,3.5463001416840904e-05,0.001,0
mlp,35,2.879497092832545e-05,2.3856912882183678e-05,0.001,0
mlp,36,2.851913058939057e-05,2.4351835424701373e-05,0.001,0
mlp,37,2.8870221306403568e-05,3.442604481979894e-05,0.001,0
mlp,38,2.8233898064354435e-05,2.519617973496982e-05,0.001,0
mlp,39,2.7528806756599806e-05,2.3434421498095615e-05,0.001,0
mlp,40,2.8290623605550667e-05,2.6014304404185776e-05,0.001,0
mlp,41,2.7796206084645486e-05,2.288763949065469e-05,0.001,0
mlp,42,2.8341939375636036e-05,2.7908873470732942e-05,0.001,0
mlp,43,2.732743251894135e-05,2.2658526281593367e-05,0.001,0
mlp,44,2.9478243915031532e-05,2.441790127835702e-05,0.001,0
mlp,45,2.6904125527611802e-05,2.7529973052442075e-05,0.001,0
mlp,46,2.637960557859125e-05,2.2871684817946516e-05,0.001,0
mlp,47,2.7983145865644995e-05,2.2645300276732692e-05,0.001,0
mlp,48,2.7620969748656664e-05,2.7179539306865383e-05,0.001,0
mlp,49,2.6803318432316052e-05,2.7420135675929488e-05,0.001,0
mlp,50,2.618646537386147e-05,2.41388938286885e-05,0.001,0
mlp,51,2.6462384197594866e-05,2.5197529080323873e-05,0.001,0
mlp,52,2.71826507176073e-05,2.226829280417102e-05,0.001,0
mlp,53,2.671958330353456e-05,2.8575133652581522e-05,0.001,0
mlp,54,2.6702318173982867e-05,2.3741965238198948e-05,0.001,0
mlp,55,2.6722710845892185e-05,2.3305398520315067e-05,0.001,0
mlp,56,2.6673601312296732e-05,2.1979350532831935e-05,0.001,0
mlp,57,2.5362177691256097e-05,3.569621008588001e-05,0.001,0
mlp,58,2.69898717725716e-05,4.377195277561744e-05,0.001,0
mlp,59,2.7245882196335254e-05,2.4583818442188203e-05,0.001,0
mlp,60,2.5216775857261382e-05,2.2027968884988997e-05,0.001,0
mlp,61,2.6680547011617038e-05,2.4499608453867646e-05,0.001,0
mlp,62,2.6323629639976257e-05,2.1976132084576723e-05,0.001,0
mlp,63,2.5211286634273296e-05,2.438522427226417e-05,0.001,0
mlp,64,2.576612578305815e-05,2.214170691634839e-05,0.001,0
mlp,65,2.5113162233693793e-05,2.142712346491559e-05,0.001,0
mlp,66,2.7415782162487242e-05,2.500318216276355e-05,0.001,0
mlp,67,2.5370296742600787e-05,3.394638518143135e-05,0.001,0
mlp,68,2.5010125915037602e-05,2.1349487629486247e-05,0.001,1
deep_mlp,1,0.050614084066418666,0.0005145626669625441,0.001,0
deep_mlp,2,0.0016648028715220945,0.00039013997594515484,0.001,0
deep_mlp,3,0.001324280055878418,0.0003116908247799923,0.001,0
deep_mlp,4,0.0011877018946036696,0.0002739689616703739,0.001,1
resnet,1,0.21755135157380254,0.00034984595500243206,0.001,0
resnet,2,0.001288531684103821,0.00018907314970934144,0.001,0
resnet,3,0.0008861522618814238,0.00014011882820166648,0.001,0
resnet,4,0.0006611740697760667,0.00010060991818783804,0.001,0
resnet,5,0.0005383320569406662,7.634735964393865e-05,0.001,0
resnet,6,0.0004557974931996848,6.279989005144065e-05,0.001,0
resnet,7,0.00039581555393923605,7.058441616517181e-05,0.001,0
resnet,8,0.00035129156285231667,6.616985817827905e-05,0.001,0
resnet,9,0.00032601719192096166,6.73233793132628e-05,0.001,0
resnet,10,0.0003150150691385248,4.51882038183976e-05,0.001,0
resnet,11,0.00026721973139925726,6.05865805518503e-05,0.001,0
resnet,12,0.0002515634696398463,6.281710050612067e-05,0.001,0
resnet,13,0.0002488810980193583,7.372268244313696e-05,0.001,0
resnet,14,0.0002290393793050732,4.266049052355811e-05,0.001,0
resnet,15,0.00030590660847923054,5.009676992582778e-05,0.001,0
resnet,16,0.0002364102334781949,5.1988306714144226e-05,0.001,0
resnet,17,0.00020693258227580893,4.336437448238333e-05,0.001,0
resnet,18,0.0005036827349715999,3.812897602988717e-05,0.001,0
resnet,19,0.00016577793204558216,4.913785059858734e-05,0.001,0
resnet,20,0.00021244641024752386,0.00011363997119556492,0.001,0
resnet,21,0.00021958005634801727,0.0005629662395703295,0.001,0
resnet,22,0.0002944433689450047,8.783962514251471e-05,0.001,0
resnet,23,0.0002496639201217996,4.547951368459811e-05,0.001,0
resnet,24,0.0002275251181204138,9.487238802326223e-05,0.001,0
resnet,25,0.00010522815642978197,2.7232868337693314e-05,0.0005,0
resnet,26,9.720260405813211e-05,2.669944341760129e-05,0.0005,0
resnet,27,9.414826891385019e-05,3.253458990676639e-05,0.0005,0
resnet,28,8.975735226646066e-05,2.7317440086820474e-05,0.0005,0
resnet,29,8.958404141711071e-05,2.6751500705140644e-05,0.0005,0
resnet,30,9.195435718766281e-05,5.769078176701442e-05,0.0005,0
resnet,31,0.00010814914279617369,5.0060380185411004e-05,0.0005,0
resnet,32,0.0001200669564393216,0.00015060938479999702,0.0005,0
resnet,33,7.35041530343837e-05,2.7936931611426794e-05,0.00025,0
resnet,34,6.784777355846017e-05,2.708984400650176e-05,0.00025,0
resnet,35,6.560197751004515e-05,2.6361787113904332e-05,0.00025,0
resnet,36,6.364651515115319e-05,2.993496812142742e-05,0.00025,0
resnet,37,6.200700699351727e-05,2.7081335306089992e-05,0.00025,0
resnet,38,6.119285551099373e-05,4.615748358696389e-05,0.00025,0
resnet,39,6.15898648536365e-05,3.233424740222593e-05,0.00025,0
resnet,40,6.353700563710715e-05,5.661522878760782e-05,0.00025,0
resnet,41,6.475792305477495e-05,5.9860032390958316e-05,0.00025,0
resnet,42,5.280278036470658e-05,2.636788570031058e-05,0.000125,0
resnet,43,5.045686280571057e-05,2.6630337975996857e-05,0.000125,0
resnet,44,4.947799218768653e-05,2.5529498876615737e-05,0.000125,0
resnet,45,4.8933135893395434e-05,2.668835090609112e-05,0.000125,0
resnet,46,4.817693217358153e-05,2.4955789036272715e-05,0.000125,0
resnet,47,4.712815981873843e-05,2.5118938675538325e-05,0.000125,0
resnet,48,4.6314904094241296e-05,2.502985216580176e-05,0.000125,0
resnet,49,4.6793198935920374e-05,2.8239713114841532e-05,0.000125,0
resnet,50,4.552385606803e-05,3.120442659943364e-05,0.000125,0
resnet,51,4.552735155681148e-05,2.643207100375245e-05,0.000125,0
resnet,52,4.512422070439373e-05,3.5299609397770834e-05,0.000125,0
resnet,53,4.1602916821637854e-05,2.463968517705022e-05,6.25e-05,0
resnet,54,4.072969467146322e-05,2.4517673548543826e-05,6.25e-05,0
resnet,55,4.02260898838618e-05,2.4925522977525058e-05,6.25e-05,0
resnet,56,4.018342690808433e-05,2.4674748054239898e-05,6.25e-05,0
resnet,57,3.964598148911526e-05,2.4425197485252283e-05,6.25e-05,0
resnet,58,3.92243403790053e-05,2.4467721560116237e-05,6.25e-05,0
resnet,59,3.88289313761717e-05,2.4416682594649804e-05,6.25e-05,0
resnet,60,3.7929458939802965e-05,2.4306891729162697e-05,6.25e-05,0
resnet,61,3.797176941414364e-05,2.4443816912244074e-05,6.25e-05,0
resnet,62,3.717594376166484e-05,2.498066740091114e-05,6.25e-05,0
resnet,63,3.6823633558815345e-05,2.3940888526073346e-05,6.25e-05,0
resnet,64,3.642876107777868e-05,2.708894064766355e-05,6.25e-05,0
resnet,65,3.5894671857988994e-05,2.6526356027073538e-05,6.25e-05,0
resnet,66,3.5818634441820906e-05,2.464486427120088e-05,6.25e-05,0
resnet,67,3.4915246399052976e-05,2.4424493693125743e-05,6.25e-05,0
resnet,68,3.4198247567650726e-05,2.421467922414498e-05,6.25e-05,0
resnet,69,3.371378217990111e-05,2.381375178384284e-05,6.25e-05,0
resnet,70,3.349317957846714e-05,2.3788703411701136e-05,6.25e-05,0
resnet,71,3.347700595290267e-05,2.3357149857135178e-05,6.25e-05,0
resnet,72,3.3004380432955386e-05,2.359979696571827e-05,6.25e-05,0
resnet,73,3.248458124747101e-05,2.3670639933552592e-05,6.25e-05,0
resnet,74,3.2410591136098706e-05,2.3162666558055207e-05,6.25e-05,0
resnet,75,3.174055023933761e-05,2.3084429381415248e-05,6.25e-05,0
resnet,76,3.1329966268302606e-05,2.298203874088358e-05,6.25e-05,0
resnet,77,3.0898440400238285e-05,2.287768083178283e-05,6.25e-05,0
resnet,78,3.059279592591338e-05,2.3578813420414613e-05,6.25e-05,0
resnet,79,3.064926755290279e-05,2.298844620080975e-05,6.25e-05,0
resnet,80,2.9992879353646587e-05,2.2824582028940008e-05,6.25e-05,1
gelu_resnet,1,0.2095571145795073,0.0032251090547194086,0.001,0
gelu_resnet,2,0.0027569901316772615,0.0008267730595047275,0.001,0
gelu_resnet,3,0.001139688895118556,0.00035025596347947914,0.001,0
gelu_resnet,4,0.0007966223338006863,0.00025838698089743656,0.001,0
gelu_resnet,5,0.0006339849043504468,0.00017854333736157666,0.001,0
gelu_resnet,6,0.0005198980653046497,0.00012995252863659212,0.001,0
gelu_resnet,7,0.0004573254013487271,0.00011132640484254807,0.001,0
gelu_resnet,8,0.0004200514949432441,0.00010368697239629304,0.001,0
gelu_resnet,9,0.0003942203929701022,9.931669726657371e-05,0.001,0
gelu_resnet,10,0.00037634949476990316,9.520730333713194e-05,0.001,0
gelu_resnet,11,0.0003607050928433559,9.502610496400545e-05,0.001,0
gelu_resnet,12,0.0003514013998676091,9.120153138414026e-05,0.001,0
gelu_resnet,13,0.0003436906552487718,9.530281721536691e-05,0.001,0
gelu_resnet,14,0.00033491593453101814,8.81483430795682e-05,0.001,0
gelu_resnet,15,0.0003315155345081751,0.00010189395220950246,0.001,0
gelu_resnet,16,0.00032365339428585556,8.630581277034555e-05,0.001,0
gelu_resnet,17,0.00032902911575245005,0.00010227384615223854,0.001,0
gelu_resnet,18,0.00032342745946587197,9.567157446717222e-05,0.001,0
gelu_resnet,19,0.0003883732184900769,8.637891815897698e-05,0.001,0
gelu_resnet,20,0.00044699022458999284,0.00022705162877527377,0.001,0
gelu_resnet,21,0.00048648525250011255,0.000351836565102761,0.001,0
gelu_resnet,22,0.0004946767166044031,0.0027686659370859466,0.001,0
gelu_resnet,23,0.00036239122564106117,8.898292988926793e-05,0.0005,0
gelu_resnet,24,0.00028386901111608105,9.637765400422116e-05,0.0005,0
gelu_resnet,25,0.0002815376903954893,8.552755076748629e-05,0.0005,0
gelu_resnet,26,0.0002804366088898054,8.397259868836652e-05,0.0005,0
gelu_resnet,27,0.00028170316701887975,0.00010725179602392018,0.0005,0
gelu_resnet,28,0.00028501518580397324,9.703167527293166e-05,0.0005,0
gelu_resnet,29,0.00029803408502068903,0.0002173975833132863,0.0005,0
gelu_resnet,30,0.0003649069208119597,0.00027092756090996167,0.0005,0
gelu_resnet,31,0.00033429404818852035,0.0001944816219108179,0.0005,0
gelu_resnet,32,0.00037693799520310546,0.00015048260387809327,0.0005,0
gelu_resnet,33,0.0002586302745062858,8.262608707494413e-05,0.00025,0
gelu_resnet,34,0.0002517648248347853,8.914091602355863e-05,0.00025,0
gelu_resnet,35,0.00024915588875168134,9.338315403321757e-05,0.00025,0
gelu_resnet,36,0.0002467246159392276,8.782461892658223e-05,0.00025,0
gelu_resnet,37,0.0002427557648166216,8.370337378854553e-05,0.00025,0
gelu_resnet,38,0.0002402976127527654,0.00012307475925733645,0.00025,0
gelu_resnet,39,0.0002368192602900256,8.335457834725579e-05,0.00025,0
gelu_resnet,40,0.00022745232017378189,8.25376669348528e-05,0.000125,1
dense_mlp,1,0.005146632536553911,0.0014540859092523654,0.001,0
dense_mlp,2,0.001547934192493558,0.0006980736444517971,0.001,0
dense_mlp,3,0.0009841173172768737,0.000357100983808438,0.001,0
dense_mlp,4,0.0007366871325272535,0.0003149470770762612,0.001,0
dense_mlp,5,0.0006944915010061647,0.00030344072240404786,0.001,0
dense_mlp,6,0.0006808227928302117,0.00028980697395590446,0.001,0
dense_mlp,7,0.0006699859520872789,0.0002888354417247077,0.001,0
dense_mlp,8,0.0006671816420901035,0.000277064703044792,0.001,0
dense_mlp,9,0.0006618961425923876,0.0002722751249745488,0.001,0
dense_mlp,10,0.0006564533490687609,0.0002599780313732723,0.001,0
dense_mlp,11,0.0006520108649932913,0.0002604552976693958,0.001,0
dense_mlp,12,0.0006467710050967123,0.00024841764091514053,0.001,0
dense_mlp,13,0.0006429168232450527,0.0002409575528372079,0.001,0
dense_mlp,14,0.0006370280520192215,0.0002293722389359027,0.001,0
dense_mlp,15,0.0006357982640926327,0.0002316181886009872,0.001,0
dense_mlp,16,0.0006320548458104687,0.0002292531896630923,0.001,0
dense_mlp,17,0.0006392922521542226,0.00023281797413403788,0.001,0
dense_mlp,18,0.0006344250053752745,0.0002284256697042535,0.001,1
highway,1,0.004554227207558496,0.0010033731367687384,0.001,0
highway,2,0.0008487033532107515,0.0005582550809780757,0.001,0
highway,3,0.0006962520077558501,0.0005175181729408602,0.001,0
highway,4,0.0006687853531299957,0.00047757368239263693,0.001,0
highway,5,0.0006434151490085892,0.0004599848762589196,0.001,0
highway,6,0.0004941481621257429,0.00026268814687927563,0.001,0
highway,7,0.00042260089768096805,0.0002503456605846683,0.001,0
highway,8,0.0004202414780030293,0.0002609273732515673,0.001,0
highway,9,0.0004223316848264741,0.0002595148528305193,0.001,0
highway,10,0.0004253787625714072,0.0002575122948922217,0.001,0
highway,11,0.0004177082607043641,0.0002555316243196527,0.001,0
highway,12,0.00041803264152258634,0.0002539292720022301,0.001,0
highway,13,0.00040865061531907747,0.0002493824558301518,0.001,0
highway,14,0.0004010093376439597,0.00027023384773482877,0.001,0
highway,15,0.00039531573782009737,0.00025190201194646457,0.001,0
highway,16,0.0003899836862858917,0.0002415133454464376,0.001,0
highway,17,0.00038069081944014344,0.00023700123195536434,0.001,0
highway,18,0.0003739411511139146,0.0002401495134520034,0.001,0
highway,19,0.0003696498332452029,0.00023207700827158987,0.001,0
highway,20,0.00036359867910189285,0.0002396795065825184,0.001,0
highway,21,0.00035742266180259843,0.00023715087858960032,0.001,0
highway,22,0.0003526320692244917,0.00023176023536982635,0.001,1
finn,1,0.18878626010586108,0.0028693452777465186,0.001,0
finn,2,0.00262956907518208,0.0008460129018748799,0.001,0
finn,3,0.0012278143002199275,0.00040113215256482363,0.001,0
finn,4,0.0008510758970890726,0.0002982300116152813,0.001,0
finn,5,0.0006584037792230291,0.0002292340485751629,0.001,0
finn,6,0.0005265715926819082,0.0001756387971015647,0.001,0
finn,7,0.0004391468048508146,0.00014299483443299928,0.001,0
finn,8,0.00038459993502524284,0.00012735100372383992,0.001,0
finn,9,0.00035119916549750736,0.00011944690550677478,0.001,0
finn,10,0.0003275815730422203,0.00012313786826096475,0.001,0
finn,11,0.00031183550548872775,0.00010551437893416732,0.001,0
finn,12,0.0002971308727961566,0.00010156482218764722,0.001,0
finn,13,0.00028617350040801936,9.917781526998927e-05,0.001,0
finn,14,0.0002779764417904828,9.379689323871086e-05,0.001,0
finn,15,0.00027076657811046713,9.311016132123768e-05,0.001,0
finn,16,0.00027118632030939416,9.530284776352346e-05,0.001,0
finn,17,0.00027095799847505985,9.229625463485718e-05,0.001,1
resnet_phys,1,0.2162527982177692,0.0003766446001486232,0.001,0
resnet_phys,2,0.0011664676472491451,0.00021595629405540725,0.001,0
resnet_phys,3,0.0008320586106500455,0.00024361965315726895,0.001,0
resnet_phys,4,0.0006582771608313279,0.00011969417680520564,0.001,0
resnet_phys,5,0.000560860166334148,0.00010990550390134255,0.001,0
resnet_phys,6,0.0004841393248657031,9.804025166745608e-05,0.001,0
resnet_phys,7,0.0004244096671204482,8.053808919464548e-05,0.001,0
resnet_phys,8,0.000387606474010806,0.00010697215647436678,0.001,0
resnet_phys,9,0.000356965142645474,0.000152740804796728,0.001,0
resnet_phys,10,0.000320347821862836,6.937563709138582e-05,0.001,0
resnet_phys,11,0.00031681856930788075,0.0023679007607450087,0.001,0
resnet_phys,12,0.0003502887187259538,7.724140005651861e-05,0.001,0
resnet_phys,13,0.0002763905204207237,0.00012951307424499342,0.001,0
resnet_phys,14,0.00026439363076617673,0.0001331424703495577,0.001,0
resnet_phys,15,0.0002707856715457248,0.00022575115627453972,0.001,0
resnet_phys,16,0.00026548740986002874,9.569549827293182e-05,0.001,0
resnet_phys,17,0.00019540423808885472,6.104751412135859e-05,0.0005,0
resnet_phys,18,0.0001853898264813636,4.956558333709836e-05,0.0005,0
resnet_phys,19,0.00017725098762993833,4.711955891068404e-05,0.0005,0
resnet_phys,20,0.0001710481217949252,4.641349125226649e-05,0.0005,0
resnet_phys,21,0.00016831339744651424,8.277070552110671e-05,0.0005,0
resnet_phys,22,0.00016779149504511485,7.567651817730317e-05,0.0005,0
resnet_phys,23,0.00016646046969573944,4.1345581075098985e-05,0.0005,0
resnet_phys,24,0.00016135251943554197,5.198203779873438e-05,0.0005,0
resnet_phys,25,0.00016735963681845792,0.0001540963165477539,0.0005,0
resnet_phys,26,0.000164768575714635,0.00019395783504160742,0.0005,0
resnet_phys,27,0.0001647297531798748,0.0001135885569251453,0.0005,0
resnet_phys,28,0.00017598150809694613,0.00020990975177846848,0.0005,0
resnet_phys,29,0.00017306749163328538,0.00019280649380292743,0.0005,0
resnet_phys,30,0.00011729252825890269,3.894386375361743e-05,0.00025,0
resnet_phys,31,0.0001090956003890772,3.8199117549617465e-05,0.00025,0
resnet_phys,32,0.00010545999401248992,4.889815903734416e-05,0.00025,0
resnet_phys,33,0.0001030605873901264,4.2123700130032376e-05,0.00025,0
resnet_phys,34,0.00010192088500463537,4.4341628449813776e-05,0.00025,0
resnet_phys,35,0.00010032692053521584,4.211355549516156e-05,0.00025,0
resnet_phys,36,9.91291771779236e-05,4.0736886233013744e-05,0.00025,0
resnet_phys,37,0.00010606018059554377,4.267557240867366e-05,0.00025,0
resnet_phys,38,8.845046002650633e-05,3.70367077512977e-05,0.000125,0
resnet_phys,39,8.599627469699564e-05,3.787507759639993e-05,0.000125,0
resnet_phys,40,8.399087014242208e-05,3.609531768752883e-05,0.000125,0
resnet_phys,41,8.210205338296613e-05,3.638470220379532e-05,0.000125,0
resnet_phys,42,8.094940785717752e-05,3.672886841270762e-05,0.000125,0
resnet_phys,43,7.833891749880942e-05,3.6972021803182236e-05,0.000125,0
resnet_phys,44,7.808060056164063e-05,3.721527572061556e-05,0.000125,0
resnet_phys,45,7.615635109965557e-05,4.3591977702841786e-05,0.000125,0
resnet_phys,46,7.388831466236816e-05,3.52122476673685e-05,0.000125,0
resnet_phys,47,7.474547629543979e-05,3.8193388648020726e-05,0.000125,0
resnet_phys,48,7.511620644779343e-05,3.735437944919492e-05,0.000125,0
resnet_phys,49,7.141215077568111e-05,3.872362200636417e-05,0.000125,0
resnet_phys,50,7.036187651400854e-05,4.572732396229791e-05,0.000125,0
resnet_phys,51,6.946685035945848e-05,3.857815891737118e-05,0.000125,0
resnet_phys,52,6.749245447721997e-05,4.186651424349596e-05,0.000125,0
resnet_phys,53,6.0299908466736916e-05,3.4684717592317614e-05,6.25e-05,0
resnet_phys,54,5.932439518959394e-05,3.499224458898728e-05,6.25e-05,0
resnet_phys,55,5.841414901793801e-05,3.628273124108091e-05,6.25e-05,0
resnet_phys,56,5.8109085977775974e-05,3.9117509515878434e-05,6.25e-05,0
resnet_phys,57,5.764959999060791e-05,3.407745277198652e-05,6.25e-05,0
resnet_phys,58,5.613676810237978e-05,3.5137290233979e-05,6.25e-05,0
resnet_phys,59,5.542151083038854e-05,3.641712496212373e-05,6.25e-05,0
resnet_phys,60,5.455609970726073e-05,3.456345138916125e-05,6.25e-05,0
resnet_phys,61,5.3868762888014317e-05,3.45545209517392e-05,6.25e-05,0
resnet_phys,62,5.291522581895281e-05,3.395137435601403e-05,6.25e-05,0
resnet_phys,63,5.290181121489565e-05,3.501002764174094e-05,6.25e-05,0
resnet_phys,64,5.166067261115781e-05,3.465480793461514e-05,6.25e-05,0
resnet_phys,65,5.099451314940649e-05,3.364302215593246e-05,6.25e-05,0
resnet_phys,66,4.9998377258889375e-05,3.8124655962067965e-05,6.25e-05,0
resnet_phys,67,4.914507824362123e-05,3.496823679539375e-05,6.25e-05,0
resnet_phys,68,4.884770716291054e-05,3.3089151989746216e-05,6.25e-05,1
